Borough,Year,median_household_income,renter_median_income,population,pop_density_1000sqmi,homeownership_rate,crime_rate_per1000,car_free_commute_pct,mean_travel_time_min,high_cost_purchase_loan_pct,high_cost_refi_loan_pct,fha_va_loan_pct,housing_voucher_pct,unemployment_rate,new_building_permits,rental_vacancy_rate,severe_crowding_rate,subway_proximity_pct,park_proximity_pct,renter_income_ratio,cost_pressure_index,affordability_stress,income_growth_yoy,renter_income_growth_yoy,income_gap,renter_share,borough_code,market_tightness,housing_burden_composite,supply_pipeline_rate,government_support_index,economic_vulnerability_idx,permit_growth_yoy,affordability_stress_lag1,cost_pressure_index_lag1,median_household_income_lag1,crime_rate_per1000_lag1,unemployment_rate_lag1,rental_vacancy_rate_lag1,supply_pipeline_rate_lag1,affordability_category
Bronx,2005,36190.0,29390.0,1309640.0,,0.2098118365993286,17.80106999236159,0.6609942393988604,41.731962092686445,0.2985950560199182,0.3833282161498311,0.0152943268717766,,0.1103874522996193,0,,,0.7733529792757421,0.8665501643660081,0.8121027908261951,0.3409616360848746,0.4198503439915486,,,6800.0,0.7901881634006714,1,28.571428571428573,0.15700823579093126,0.0,0.0152943268717766,0.1193138645893697,,,,,,,,,Stressed
Bronx,2006,47691.79087449026,39340.35165835977,1361473.0,32.377494472116084,0.2147209555708,16.722236702740734,0.657713946862209,40.647579377132,0.341970802919708,0.3949394939493949,0.008941605839416,,0.117570453185354,3,,,0.7733529792757421,0.8665501643660081,0.8248872801168476,0.36845514843455146,0.4466733301819841,0.3178168243849202,0.33856249262877736,8351.439216130493,0.7852790444291999,1,28.571428571428573,0.16419123667666596,0.022034957725933602,0.008941605839416,0.11707326922740255,,0.4198503439915486,0.3409616360848746,36190.0,17.80106999236159,0.1103874522996193,,0.0,Stressed
Bronx,2007,50300.70769366353,41270.26093240504,1373659.0,32.667292468578154,0.213973492158843,16.187378244368542,0.6568462241798,41.3241178610404,0.1743849493487698,0.2950857672693556,0.0161601543656536,,0.100481245319389,0,,,0.7733529792757421,0.8665501643660081,0.8204707811219112,0.2347353583090627,0.28609837633472546,0.054703687392220424,0.049056736726835304,9030.446761258485,0.786026507841157,1,28.571428571428573,0.14710202881070095,0.0,0.0161601543656536,0.11200418567899113,-1.0,0.4466733301819841,0.36845514843455146,47691.79087449026,16.722236702740734,0.117570453185354,,0.022034957725933602,Stressed
Bronx,2008,49657.4967427539,40485.183169198666,1391903.0,33.10115712042897,0.215584404622228,15.892076109605306,0.654003923334909,41.1926900900431,0.0834264432029795,0.1316359696641386,0.1229050279329608,,0.0902658897680929,4,,,0.7733529792757421,0.8665501643660081,0.8152884423258071,0.10753120643355904,0.13189345126345753,-0.012787314143308803,-0.019022844669972505,9172.313573555235,0.7844155953777721,1,28.571428571428573,0.13688667325940485,0.02873763473460435,0.1229050279329608,0.10999097897691432,,0.28609837633472546,0.2347353583090627,50300.70769366353,16.187378244368542,0.100481245319389,,0.0,Stressed
Bronx,2009,46418.81827087512,38326.95970020057,1397287.0,33.22919523079757,0.206612884661665,14.802019505007332,0.676454705274859,42.2002491190174,0.0553543714433523,0.0480815930063137,0.3181583031557165,0.154163,0.133062104391158,0,0.0369220304130978,0.0376689617244744,0.7733529792757421,0.8665501643660081,0.8256771957559359,0.051717982224832995,0.06263704809902543,-0.06522033296717433,-0.05330897133349477,8091.858570674551,0.793387115338335,1,23.85380646276063,0.1707310661156324,0.0,0.4723213031557165,0.13048775579898372,-1.0,0.13189345126345753,0.10753120643355904,49657.4967427539,15.892076109605306,0.0902658897680929,,0.02873763473460435,Moderate
Bronx,2010,45189.4791749701,37573.25922927461,1386657.0,32.9764008189814,0.187520130871857,14.320303440943237,0.694420214298175,42.8793223763485,0.0103601381351751,0.03125,0.4040453872718303,0.147969,0.157568087151554,1464,0.0373198562189911,0.0409845253791255,0.7733529792757421,0.8665501643660081,0.8314603291574553,0.02080506906758755,0.025022323180072796,-0.026483636199682192,-0.019665021092763912,7616.219945695491,0.812479869128143,1,23.629569883823198,0.1985526125306795,10.55776590750272,0.5520143872718303,0.1386400082734646,,0.06263704809902543,0.051717982224832995,46418.81827087512,14.802019505007332,0.133062104391158,0.0369220304130978,0.0,Affordable
Bronx,2011,43251.084386277944,35824.007851670045,1392002.0,33.103511461611454,0.190127970749543,14.538309274228885,0.69147305225376,41.708860122808,0.0148433205057724,0.0563858695652173,0.4601429356789445,0.14514,0.163094267202853,1098,0.0372490787958336,0.0434990186197019,0.7733529792757421,0.8665501643660081,0.8282799925135692,0.03561459503549485,0.04299825585236673,-0.04289482472649986,-0.046555753040493864,7427.076534607899,0.809872029250457,1,23.669155127202803,0.2065932858225549,7.8879197012647975,0.6052829356789444,0.14262551359965392,-0.25,0.025022323180072796,0.02080506906758755,45189.4791749701,14.320303440943237,0.157568087151554,0.0373198562189911,10.55776590750272,Affordable
Bronx,2012,42949.08760511188,35523.63228656943,1408473.0,33.495212003194155,0.191429015626773,14.848297635179913,0.700455946696541,42.8438206296295,0.0155131264916467,0.0489864864864864,0.4087112171837709,0.139246,0.154919414912683,2559,0.0357200988819825,0.0461056412880356,0.7733529792757421,0.8665501643660081,0.8271102895871841,0.03224980648906655,0.03899093856656363,-0.006982409469064588,-0.00838475600899613,7425.455318542452,0.8085709843732269,1,24.557897143085572,0.2010250562007186,18.168612390865853,0.5479572171837709,0.14034477838780668,1.330601092896175,0.04299825585236673,0.03561459503549485,43251.084386277944,14.538309274228885,0.163094267202853,0.0372490787958336,7.8879197012647975,Affordable
Bronx,2013,42953.611416757194,37303.49839389798,1418733.0,33.73920736210609,0.1852941848889,15.039505409224471,0.70344312128949,42.1718142244093,0.0479488545551411,0.0357561547479484,0.3724027703782632,0.140109,0.145815097408885,2630,0.0335463702499122,0.0498884342650509,0.7733529792757421,0.8665501643660081,0.8684601169378048,0.04185250465154475,0.04819162542445462,0.00010532963323695022,0.050103719489334786,5650.113022859216,0.8147058151111,1,25.9427799171902,0.19570353167393592,18.53766705927049,0.5125117703782632,0.12091967904144227,0.027745212973817823,0.03899093856656363,0.03224980648906655,42949.08760511188,14.848297635179913,0.154919414912683,0.0357200988819825,18.168612390865853,Affordable
Bronx,2014,43295.75301848364,35150.8293817008,1438159.0,34.20118142080232,0.181521723680711,14.756315107514538,0.707289845101686,43.0724775014511,0.1827079934747145,0.0618811881188118,0.3626971179989124,0.13938,0.119182920026996,2186,0.0320365733647246,0.0514071130374801,0.7733529792757421,0.8665501643660081,0.8118770764119602,0.12229459079676315,0.15063190518598754,0.007965374515470192,-0.05770689358586556,8144.923636782842,0.818478276319289,1,27.000338021347506,0.1705900330644761,15.19998831839873,0.5020771179989124,0.13320376005351037,-0.16882129277566538,0.04819162542445462,0.04185250465154475,42953.611416757194,15.039505409224471,0.145815097408885,0.0335463702499122,18.53766705927049,Stressed
Bronx,2015,45119.07438650896,36685.54260087966,1455444.0,34.61223987877433,0.187371471586013,15.445097657197778,0.716073031390468,44.7787920042914,0.077069457659372,0.0374501992031872,0.3663177925784966,0.138367,0.10732899095412,4923,0.0280904852015386,0.0539386982736461,0.7733529792757421,0.8665501643660081,0.8130827837161702,0.057259828431279594,0.07042312243972906,0.04211316909644491,0.04366079680548918,8433.531785629304,0.812628528413987,1,30.220167335397765,0.1612676892277661,33.82472977318262,0.5046847925784966,0.12848622254990916,1.2520585544373284,0.15063190518598754,0.12229459079676315,43295.75301848364,14.756315107514538,0.119182920026996,0.0320365733647246,15.19998831839873,Moderate
Bronx,2016,47619.05615780381,39885.797577506506,1455720.0,34.61880349661641,0.193128320953827,15.444373385326395,0.701105520961894,44.7249745646268,0.0676020408163265,0.0198863636363636,0.3473639455782313,0.138467,0.100358993638367,3575,0.0247608991909246,0.0563636317858051,0.7733529792757421,0.8665501643660081,0.837601598934044,0.04374420222634505,0.05222554766134065,0.05540853409090252,0.08723477287617154,7733.258580297304,0.806871679046173,1,33.60113528777194,0.1567226254241721,24.558294177451707,0.4858309455782313,0.11637568423889025,-0.27381677838716234,0.07042312243972906,0.057259828431279594,45119.07438650896,15.445097657197778,0.10732899095412,0.0280904852015386,33.82472977318262,Moderate
Bronx,2017,46545.56075152689,38914.71247579324,1471160.0,34.98598559618758,0.191468000039684,14.6136335488525,0.69662251403097,46.1578107179628,0.0743766122098022,0.0151898734177215,0.2751504729148753,0.132925,0.109211591855622,5300,0.0224178871141395,0.0586852335189013,0.7733529792757421,0.8665501643660081,0.8360563681578735,0.04478324281376185,0.053564860599573084,-0.022543399489470817,-0.02434663867072595,7630.848275733653,0.808531999960316,1,36.47254056583727,0.1678968253745233,36.0259930938851,0.40807547291487534,0.12099913618287965,0.4825174825174825,0.05222554766134065,0.04374420222634505,47619.05615780381,15.444373385326395,0.100358993638367,0.0247608991909246,24.558294177451707,Moderate
Bronx,2018,46981.32810141755,39411.45596237406,1432132.0,34.057851983359605,0.184620691014447,14.091433529586867,0.686191191200127,45.2201128729028,0.0789360789360789,0.0186839967506093,0.233376233376233,0.139116,0.101301037232448,4223,0.0207455832455832,0.0559185553024929,0.7733529792757421,0.8665501643660081,0.838874879767073,0.0488100378433441,0.058185122740708355,0.009362167795483378,0.012764927580791285,7569.872139043495,0.815379308985553,1,38.84161374248748,0.1572195925349409,29.487505341686383,0.372492233376233,0.11615417404664859,-0.20320754716981138,0.053564860599573084,0.04478324281376185,46545.56075152689,14.6136335488525,0.109211591855622,0.0224178871141395,36.0259930938851,Moderate
Bronx,2019,49779.79640787449,40738.64541421607,1418207.0,33.726698438247645,0.188696024441028,14.100124792043438,0.710812144930972,45.9358783596098,0.0995584102769972,0.0405561993047509,0.246085909273384,0.137989,0.0906831655761691,6122,0.0203500055687106,0.0574197327349073,0.7733529792757421,0.8665501643660081,0.8183770998262212,0.07005730479087405,0.08560516271258128,0.059565542728293064,0.0336752200453867,9041.150993658419,0.8113039755589719,1,39.44772308982431,0.1481028983110764,43.16718222375154,0.384074909273384,0.12040637284696062,0.4496803220459389,0.058185122740708355,0.0488100378433441,46981.32810141755,14.091433529586867,0.101301037232448,0.0207455832455832,29.487505341686383,Stressed
Bronx,2021,49177.2691316887,41942.05583589632,1424948.0,33.88700766967312,0.195929111226182,15.863635686715703,0.648094709581946,43.2774912406694,0.0533596837944664,0.011307767944936,0.2467061923583662,0.124571,0.160661360633266,5817,0.0190326404619664,0.0566359653215984,0.7733529792757421,0.8665501643660081,0.8528748459696357,0.0323337258697012,0.03791145444433984,-0.012103851756422257,0.029539775057427553,7235.213295792382,0.8040708887738179,1,41.61007616215043,0.2172973259548644,40.82254229628029,0.3712771923583662,0.1344417989297718,0.03967828418230557,,0.03709925678970695,,14.155764859423886,,0.0197039953654626,,Affordable
Bronx,2022,49049.27453319619,40150.42555160395,1379946.0,32.8168050242779,0.211691539955162,18.96867075797514,0.665621926745608,43.3015447225976,0.0616547334924423,0.0199203187250996,0.2100238663484487,,0.0957602924731734,11184,0.0209568778652436,0.058718192627824,0.7733529792757421,0.8665501643660081,0.8185732803128501,0.04078752610877095,0.04982758060852216,-0.002602718710340679,-0.04271679698540176,8898.848981592244,0.788308460044838,1,38.525434576205534,0.1544784851009974,81.0466496515081,0.2100238663484487,0.1226184433896941,0.9226405363589478,0.03791145444433984,0.0323337258697012,49177.2691316887,15.863635686715703,0.160661360633266,0.0190326404619664,40.82254229628029,Affordable
Bronx,2023,48614.21854173007,40659.57976757619,1356476.0,32.25865969546083,0.200588155470831,20.10048210289465,0.664408224307916,41.8776672671203,0.0520775623268698,0.0544959128065395,0.2177285318559556,0.134789,0.0929127702438584,4860,0.0211619746853033,0.0598658867845954,0.7733529792757421,0.8665501643660081,0.8363721764379349,0.053286737566704656,0.06371175305430421,-0.008869774234309569,0.01268116611411374,7954.638774153878,0.799411844529169,1,38.22341440310918,0.1527786570284538,35.82813112801111,0.3525175318559556,0.11458941487928848,-0.5654506437768241,0.04982758060852216,0.04078752610877095,49049.27453319619,18.96867075797514,0.0957602924731734,0.0209568778652436,81.0466496515081,Moderate
Brooklyn,2005,46220.0,37160.0,2446016.0,,0.3006463635974796,17.008298293920234,0.7049683438963257,40.700608543585986,0.2367704667684748,0.3267406427873282,0.0075028218577783,,0.0911349282996525,73,,,0.7970727086035237,0.7070533839917538,0.8039809606231069,0.2817555547779015,0.35045053126573217,,,9060.0,0.6993536364025204,2,28.571428571428573,0.13775571179096446,0.2984444909599937,0.0075028218577783,0.11486158707061826,,,,,,,,,Stressed
Brooklyn,2006,61167.66713638423,45088.68588581785,2508820.0,36.16500125526429,0.32257224949724,15.936403657325137,0.712683749698771,41.3948058076954,0.2728377412437455,0.3550031075201988,0.0056468906361686,,0.0737969523346397,27,,,0.7970727086035237,0.7070533839917538,0.7371326715024881,0.31392042438197215,0.42586692534209913,0.3234025775937739,0.21336614332125547,16078.98125056638,0.6774277505027599,2,28.571428571428573,0.12041773582595165,0.10762031552682139,0.0056468906361686,0.13466571233286065,-0.6301369863013699,0.35045053126573217,0.2817555547779015,46220.0,17.008298293920234,0.0911349282996525,,0.2984444909599937,Stressed
Brooklyn,2007,60977.60577245087,48197.726941041685,2528050.0,36.44220447197125,0.306040537374318,14.837956775222802,0.730143073421039,44.1795407857003,0.1175751222921034,0.2519351271654994,0.0074248777078965,,0.0666643699346293,116,,,0.7970727086035237,0.7070533839917538,0.7904168477998357,0.1847551247288014,0.23374391024568417,-0.003107219431952246,0.06895390704215987,12779.878831409187,0.693959462625682,2,28.571428571428573,0.11328515342594125,0.45885168410434923,0.0074248777078965,0.11049900885391746,3.2962962962962967,0.42586692534209913,0.31392042438197215,61167.66713638423,15.936403657325137,0.0737969523346397,,0.10762031552682139,Stressed
Brooklyn,2008,61486.11005929206,48978.53859073212,2556598.0,36.85372799930094,0.307792054299559,14.683817257054825,0.731924561267498,41.3704186229444,0.0468131076701476,0.1152489219913759,0.0540151242347857,,0.0724155214281461,46,,,0.7970727086035237,0.7070533839917538,0.7965789109686937,0.08103101483076175,0.10172377615699438,0.00833919732333821,0.016200175801766914,12507.571468559945,0.692207945700441,2,28.571428571428573,0.11903630491945805,0.17992660559071078,0.0540151242347857,0.11033464418378096,-0.603448275862069,0.23374391024568417,0.1847551247288014,60977.60577245087,14.837956775222802,0.0666643699346293,,0.45885168410434923,Stressed
Brooklyn,2009,60916.14354058904,46948.020741053515,2567098.0,37.00508700998336,0.3054947422906,13.16108106967958,0.723211027067527,41.0041218260781,0.0325596389426176,0.0286947689182326,0.1479690522243713,0.0801525,0.0998127562634977,1,0.0378539530748581,0.0399570961190599,0.7970727086035237,0.7070533839917538,0.7706991613770097,0.030627203930425097,0.039739505977537865,-0.00926984189036184,-0.041457297585902775,13968.122799535522,0.6945052577094,2,23.335070121843394,0.1397698523825576,0.003895449258267507,0.2281215522243713,0.13963685717840718,-0.9782608695652174,0.10172377615699438,0.08103101483076175,61486.11005929206,14.683817257054825,0.0724155214281461,,0.17992660559071078,Moderate
Brooklyn,2010,58475.1971527501,46904.48151654045,2508340.0,36.15808198620453,0.302104124853504,13.183694540744682,0.74378420787178,40.7024147427017,0.0085963734049697,0.0276110444177671,0.2179986568166554,0.0781407,0.108602435627393,2095,0.0400758442936162,0.0442799799297541,0.7970727086035237,0.7070533839917538,0.8021260944878152,0.0181037089113684,0.0225696546163708,-0.04007059944975844,-0.0009273921206010005,11570.71563620965,0.697895875146496,2,22.18483126985208,0.1528824155571471,8.352137270067056,0.2961393568166554,0.13144653244178192,2094.0,0.039739505977537865,0.030627203930425097,60916.14354058904,13.16108106967958,0.0998127562634977,0.0378539530748581,0.003895449258267507,Affordable
Brooklyn,2011,57678.9057234436,46119.37952026094,2532645.0,36.50844205807465,0.28654299038246,13.655225226771922,0.748812770860896,41.118628827941,0.0081593140644447,0.0352765816495528,0.2149080348499516,0.0730029,0.120140273626917,1420,0.0411110726284072,0.0466646146694766,0.7970727086035237,0.7070533839917538,0.7995883233532933,0.02171794785699875,0.027161411969997974,-0.01361759289543596,-0.01673831520774094,11559.526203182657,0.71345700961754,2,21.686765086959607,0.1668048882963936,5.606786580827554,0.2879109348499516,0.1375537030433448,-0.32219570405727926,0.0225696546163708,0.0181037089113684,58475.1971527501,13.183694540744682,0.108602435627393,0.0400758442936162,8.352137270067056,Affordable
Brooklyn,2012,59845.57092973538,48347.494180246096,2565635.0,36.98399765449495,0.297282921422379,14.357131192932709,0.741270304810429,41.0149283022695,0.0107940263196806,0.0411269022764432,0.1842377643057814,0.0718595,0.111155818150587,3657,0.0419771515066305,0.0494900181573208,0.7970727086035237,0.7070533839917538,0.8078708821578598,0.0259604642980619,0.03213442255613957,0.03756425644897665,0.04831189584860551,11498.076749489286,0.702717078577621,2,21.28694414046916,0.1606458363079078,14.253781227649295,0.2560972643057814,0.13121197802855503,1.5753521126760561,0.027161411969997974,0.02171794785699875,57678.9057234436,13.655225226771922,0.120140273626917,0.0411110726284072,5.606786580827554,Moderate
Brooklyn,2013,61836.335984861755,48841.85679410356,2592149.0,37.36620077918388,0.296320107532342,14.22697115597684,0.753980033677032,41.7681311627915,0.0187934086885469,0.0228996499416569,0.1465341141222933,0.069412,0.1039039602985,6416,0.0412958952982887,0.0465769523131473,0.7970727086035237,0.7070533839917538,0.7898569023569023,0.0208465293151019,0.02639279248291262,0.033265035727768844,0.010225196201780529,12994.479190758197,0.7036798924676579,2,21.600187091250927,0.1504809126116473,24.75166358106729,0.2159461141222933,0.13493421363926855,0.7544435329505059,0.03213442255613957,0.0259604642980619,59845.57092973538,14.357131192932709,0.111155818150587,0.0419771515066305,14.253781227649295,Affordable
Brooklyn,2014,61601.92481266571,49317.756634515616,2621793.0,37.79352330420004,0.284804149396966,13.796564653404982,0.752717511554181,42.1713275758611,0.0655786794430303,0.0417222963951935,0.1292109597245096,0.0664725,0.0855109363046378,9343,0.0397499705501237,0.0463086064788192,0.7970727086035237,0.7070533839917538,0.8005879164408123,0.053650487919111894,0.06701386171006278,-0.003790832177595904,0.009743688541945739,12284.168178150096,0.715195850603034,2,22.346383421189444,0.131819542783457,35.63591786231788,0.19568345972450962,0.12323092924129404,0.45620324189526174,0.02639279248291262,0.0208465293151019,61836.335984861755,14.22697115597684,0.1039039602985,0.0412958952982887,24.75166358106729,Stressed
Brooklyn,2015,65596.84396180506,52160.91309420552,2636735.0,38.00891438397307,0.287194099828117,13.043952169779793,0.756410546250711,42.2138057384932,0.0358989511006057,0.0243255196815568,0.1291180381149357,0.0659275,0.0764566134020154,26561,0.0371414129018308,0.0478690395087616,0.7970727086035237,0.7070533839917538,0.7951741264347587,0.030112235391081252,0.03786873137597222,0.06485055720723154,0.05764975241595005,13435.930867599542,0.712805900171883,2,23.72962677662276,0.12432565291077699,100.73443102928432,0.1950455381149357,0.122086802688655,1.8428770202290483,0.06701386171006278,0.053650487919111894,61601.92481266571,13.796564653404982,0.0855109363046378,0.0397499705501237,35.63591786231788,Moderate
Brooklyn,2016,69985.10185484025,55519.82214417254,2629150.0,37.89957551768486,0.294887516443335,11.925214674226597,0.756792255067825,42.7966694356133,0.0311306070468374,0.0157894736842105,0.1083911136267157,0.0657774,0.0707787039122926,5079,0.0339397864141675,0.0473582182391342,0.7970727086035237,0.7070533839917538,0.7933091568449682,0.02346004036552395,0.029572380657782588,0.06689739365494973,0.06439513518294127,14465.27971066771,0.705112483556665,2,25.68067501356836,0.1181369221514268,19.318030542190442,0.1741685136267157,0.12045946247475661,-0.8087797899175483,0.03786873137597222,0.030112235391081252,65596.84396180506,13.043952169779793,0.0764566134020154,0.0371414129018308,100.73443102928432,Affordable
Brooklyn,2017,70871.92342469835,54712.84608595263,2648771.0,38.18241505564674,0.304104795638674,11.3442856749297,0.748232072823846,43.2152856647784,0.0301260783012607,0.0170310116929334,0.0763105507631055,0.0639224,0.0642408786293764,5879,0.034091174819942,0.0472493486135531,0.7970727086035237,0.7070533839917538,0.7719960661725966,0.02357854499709705,0.03054231236435543,0.012671576469196255,-0.01453491792758943,16159.077338745723,0.695895204361326,2,25.58122145487066,0.11149022724292951,22.195199207481505,0.1402329507631055,0.12634779470542254,0.15751132112620603,0.029572380657782588,0.02346004036552395,69985.10185484025,11.925214674226597,0.0707787039122926,0.0339397864141675,19.318030542190442,Moderate
Brooklyn,2018,74770.50215428244,59809.073676824744,2582830.0,37.23186605341726,0.305612095939718,11.172202926684363,0.746210584707126,43.3527571203217,0.037827352085354,0.0253466204506066,0.0737148399612027,0.0632649,0.0486585083814893,7817,0.0344186208467477,0.0474872506859236,0.7970727086035237,0.7070533839917538,0.7999019928128063,0.0315869862679803,0.03948857053963149,0.05500878967573586,0.09314499163260592,14961.428477457695,0.6943879040602821,2,25.36872114039238,0.0961457590674129,30.265251681295325,0.13697973996120272,0.10900005636465793,0.3296478993026024,0.03054231236435543,0.02357854499709705,70871.92342469835,11.3442856749297,0.0642408786293764,0.034091174819942,22.195199207481505,Moderate
Brooklyn,2019,80423.59123754333,63342.12363929193,2559903.0,36.90137004980622,0.297533665067974,10.99213490009818,0.748622758328621,43.7876809077627,0.0536339448256547,0.0311661198926335,0.0803808990337488,0.06274,0.0453720842851643,10101,0.0336983519352429,0.0458701217282274,0.7970727086035237,0.7070533839917538,0.7876062566293679,0.0424000323591441,0.05383404715523575,0.075605872909563,0.059072139815403935,17081.467598251395,0.7024663349320259,2,25.840893732978124,0.0912422060133917,39.45852635822529,0.1431208990337488,0.11228035540796405,0.29218370218754,0.03948857053963149,0.0315869862679803,74770.50215428244,11.172202926684363,0.0486585083814893,0.0344186208467477,30.265251681295325,Stressed
Brooklyn,2021,77253.73842553789,63405.30235748522,2641052.0,38.071144560079354,0.30280236518184,10.375952380778337,0.664427570798136,41.3822616798527,0.0280129156121825,0.0094247005694089,0.0566367047735404,0.0584026,0.111657692095365,8673,0.0324663639004414,0.0465434393229087,0.7970727086035237,0.7070533839917538,0.8207408942235116,0.0187188080907957,0.022807207758917914,-0.039414464875645705,0.0009974202720619552,13848.436068052666,0.69719763481816,2,26.690607144511795,0.1582011314182737,32.83918680889282,0.11503930477354041,0.1256754070133231,0.18938562808557324,,0.016188909252917348,,10.049202533005754,,0.0320444105229156,,Affordable
Brooklyn,2022,79689.84996824025,66187.47920784417,2590516.0,37.342660849236786,0.294595176550941,12.336085975414084,0.697572514544515,41.8171840925166,0.0231570002124495,0.0143720058321183,0.0547057573826216,,0.068182276793288,31298,0.0307532354589014,0.0511595336558095,0.7970727086035237,0.7070533839917538,0.8305634812240538,0.0187645030222839,0.02259249707756169,0.03153389845399457,0.043879245850335424,13502.37076039608,0.7054048234490591,2,27.96949666693822,0.1193418104490975,120.81762861144266,0.0547057573826216,0.10527942495885559,2.6086705868788194,0.022807207758917914,0.0187188080907957,77253.73842553789,10.375952380778337,0.111657692095365,0.0324663639004414,32.83918680889282,Affordable
Brooklyn,2023,79828.70268759433,67225.20860688576,2561225.0,36.920426870008335,0.287098920475999,11.74106499982822,0.724129954991856,41.6190113628697,0.0256097560975609,0.0408483896307934,0.0749128919860627,0.0626141,0.0581563944139312,5340,0.0286130455555388,0.0546302690361768,0.7970727086035237,0.7070533839917538,0.8421182650301644,0.03322907286417715,0.039458914791483474,0.0017424141143371763,0.015678636072283147,12603.494080708566,0.712901079524001,2,29.750353872210155,0.112786663450108,20.849398237171666,0.13752699198606272,0.09734130556074208,-0.8293820691417982,0.02259249707756169,0.0187645030222839,79689.84996824025,12.336085975414084,0.068182276793288,0.0307532354589014,120.81762861144266,Moderate
Manhattan,2005,69310.0,56340.0,1529774.0,,0.2279315157993551,24.20902066444978,0.842036139096308,31.07950713695027,0.0129099133056916,0.049962852897474,9.42329438371e-05,,0.0704629684996689,0,,,0.9682958876597187,0.8961487089366429,0.8128697157697302,0.0314363831015828,0.03867333533494327,,,12970.0,0.7720684842006449,0,28.571428571428573,0.11708375199098085,0.0,9.42329438371e-05,0.10303730109197548,,,,,,,,,Stressed
Manhattan,2006,90884.55619845944,72570.44815133666,1611581.0,71.1305389914721,0.23539974824574,22.436226466416933,0.839511648536346,30.1378578728128,0.0198115022119638,0.0931372549019607,0.0,,0.0674574115365123,0,,,0.9682958876597187,0.8961487089366429,0.7984904277121484,0.05647437855696225,0.07072643152250908,0.31127624005856935,0.2880803718732101,18314.108047122776,0.76460025175426,0,28.571428571428573,0.11407819502782425,0.0,0.0,0.10758679352974557,,0.03867333533494327,0.0314363831015828,69310.0,24.20902066444978,0.0704629684996689,,0.0,Stressed
Manhattan,2007,94570.80881730854,75517.33194236363,1620867.0,71.54039625900926,0.230698865466665,21.10298641847522,0.847189667999924,30.3089298545711,0.0219808637186449,0.0772701635645798,0.0001723989311266,,0.0679007700065153,0,,,0.9682958876597187,0.8961487089366429,0.7985268698319761,0.04962551364161235,0.06214632909228768,0.04055972513965567,0.04060721500412412,19053.476874944914,0.769301134533335,0,28.571428571428573,0.11452155349782725,0.0,0.0001723989311266,0.10774956006981569,,0.07072643152250908,0.05647437855696225,90884.55619845944,22.436226466416933,0.0674574115365123,,0.0,Stressed
Manhattan,2008,97828.0893070718,76305.54112273201,1634795.0,72.1551380231981,0.237324461490624,20.409884677024397,0.863104295620374,30.3806298432309,0.0141418983700862,0.0261725835708732,0.0008389261744966,,0.0666230636025022,60,,,0.9682958876597187,0.8961487089366429,0.7799962328122055,0.0201572409704797,0.02584274144223056,0.03444276865661222,0.010437460647708896,21522.548184339787,0.762675538509376,0,28.571428571428573,0.11324384709381415,0.3670184946736441,0.0008389261744966,0.11465073231611866,,0.06214632909228768,0.04962551364161235,94570.80881730854,21.10298641847522,0.0679007700065153,,0.0,Stressed
Manhattan,2009,96958.35977620604,76793.62885252823,1629054.0,71.90174683507287,0.25099982252066,18.292001148194963,0.855971320079734,29.8024844814649,0.0172557172557172,0.006852362730266,0.0054054054054054,0.0408129,0.0968723254700626,0,0.0349600697733561,0.0262727841899918,0.9682958876597187,0.8961487089366429,0.7920268972142172,0.012054039992991601,0.01521923060364373,-0.008890386565107877,0.0063964912982028554,20164.73092367781,0.74900017747934,0,25.024981329406067,0.1231451096600544,0.0,0.0462183054054054,0.12719272814033655,-1.0,0.02584274144223056,0.0201572409704797,97828.0893070718,20.409884677024397,0.0666230636025022,,0.3670184946736441,Stressed
Manhattan,2010,88569.60312873655,72442.19842317657,1586698.0,70.03227511163931,0.22262667162473,17.101722154071453,0.868641395443794,30.1320321917461,0.0079719387755102,0.0028356418366234,0.0151466836734693,0.0406015,0.0916420107948938,906,0.0354899320612524,0.0297572601663561,0.9682958876597187,0.8961487089366429,0.8179126456949493,0.005403790306066801,0.006606806160180352,-0.08651916829896833,-0.0566639510903697,16127.40470555998,0.77737332837527,0,24.697497602298245,0.1213992709612499,5.709971273676528,0.0557481836734693,0.11544319807324904,,0.01521923060364373,0.012054039992991601,96958.35977620604,18.292001148194963,0.0968723254700626,0.0349600697733561,0.0,Moderate
Manhattan,2011,89447.36551643402,72224.10320202811,1601948.0,70.70536614437047,0.219229396584857,16.663655353639093,0.863725375030174,30.3806002806353,0.0062533500089333,0.0041038268185082,0.0201893871716991,0.0384022,0.0896749670312621,2847,0.0352444336347757,0.0291716396728658,0.9682958876597187,0.8961487089366429,0.8074480761399115,0.00517858841372075,0.006413524989095923,0.009910424758499126,-0.003010610195378627,17223.262314405903,0.780770603415143,0,24.848156867485095,0.1188466067041279,17.772112453088365,0.0585915871716991,0.11872508429111338,2.142384105960265,0.006606806160180352,0.005403790306066801,88569.60312873655,17.101722154071453,0.0916420107948938,0.0354899320612524,5.709971273676528,Moderate
Manhattan,2012,88781.29480022805,75994.4807948121,1619090.0,71.46196460227723,0.220519736542536,17.496045670524317,0.86464595571536,31.000806655801,0.0044600191143676,0.0030075187969924,0.0090793246256769,0.038054,0.0881048982426938,5454,0.0367198650577397,0.0287991911106135,0.9682958876597187,0.8961487089366429,0.8559740085545238,0.00373376895568,0.004362012068550055,-0.0074465101611471685,0.05220386859269599,12786.814005415945,0.779480263457464,0,23.969396799726326,0.11690408935330729,33.68558881841034,0.047133324625676896,0.09861219409739072,0.9157007376185458,0.006413524989095923,0.00517858841372075,89447.36551643402,16.663655353639093,0.0896749670312621,0.0352444336347757,17.772112453088365,Affordable
Manhattan,2013,93938.65940124515,76050.10488138207,1626159.0,71.7739698816462,0.230529890948941,17.546128560877655,0.880316557783397,30.8021788296992,0.0021674342996477,0.003356080098445,0.0027092928745597,0.0399704,0.0749195819842586,3552,0.0389466853237614,0.0279416057367335,0.9682958876597187,0.8961487089366429,0.8095719628757447,0.00276175719904635,0.003411379501380079,0.058090666650244316,0.0007319490308796972,17888.554519863086,0.769470109051059,0,22.754844708602246,0.1028611877209921,21.84288252255776,0.0426796928745597,0.11172736879075226,-0.3487348734873488,0.004362012068550055,0.00373376895568,88781.29480022805,17.496045670524317,0.0881048982426938,0.0367198650577397,33.68558881841034,Affordable
Manhattan,2014,97719.81939438188,79407.22618452906,1636268.0,72.22015199639239,0.226630352073133,16.61737622711006,0.883382614268652,31.2853463260213,0.0026065624041705,0.0049942374183634,0.0006133088009812,0.0371871,0.0656596542299758,9105,0.0390284952507915,0.027512706375644,0.9682958876597187,0.8961487089366429,0.8126010330008281,0.00380039991126695,0.004676833719042389,0.040251372728091095,0.04414354600014314,18312.593209852814,0.773369647926867,0,22.712563631890713,0.0931723606056198,55.64491880303227,0.0378004088009812,0.10672598976678789,1.5633445945945947,0.003411379501380079,0.00276175719904635,93938.65940124515,17.546128560877655,0.0749195819842586,0.0389466853237614,21.84288252255776,Affordable
Manhattan,2015,96937.5155435642,79409.87876019928,1644518.0,72.58428321082074,0.23543482543621,17.108061760445295,0.882367285053453,31.8250236602961,0.0023675643681562,0.0046273745737944,0.0002959455460195,0.0381038,0.0613487681289648,10358,0.0401856099204387,0.0292803541169554,0.9682958876597187,0.8961487089366429,0.8191862388355939,0.0034974694709753,0.004269443632191217,-0.00800558019515396,3.340471387391908e-05,17527.636783364913,0.76456517456379,0,22.13093951283974,0.09062912224592021,62.985020534892286,0.0383997455460195,0.10272108254073943,0.1376166941241077,0.004676833719042389,0.00380039991126695,97719.81939438188,16.61737622711006,0.0656596542299758,0.0390284952507915,55.64491880303227,Affordable
Manhattan,2016,98422.02202646516,83455.48909308374,1643734.0,72.54967971117081,0.230289472171997,17.045933617981657,0.877764540790224,32.4795719986552,0.0022924512854101,0.0041340295909486,0.0001637465203864,0.0375429,0.0549755417840061,3787,0.0454158780820743,0.0300142999253917,0.9682958876597187,0.8961487089366429,0.8479351203599841,0.00321324043817935,0.0037894885599445327,0.01531405539513564,0.0509459326225814,14966.532933381415,0.769710527828003,0,19.8350209902534,0.0849898417093978,23.03900752798202,0.0377066465203864,0.08881902855468714,-0.6343888781618072,0.004269443632191217,0.0034974694709753,96937.5155435642,17.108061760445295,0.0613487681289648,0.0401856099204387,62.985020534892286,Affordable
Manhattan,2017,105882.22046402504,83406.62787501862,1664727.0,73.47625020626103,0.246572313135781,16.568561258031487,0.872074410966576,32.4778263340686,0.0027379610243195,0.006268436578171,0.0,0.0373109,0.0535426446793551,4088,0.0463137917957669,0.0327266223528023,0.9682958876597187,0.8961487089366429,0.7877302488509597,0.004503198801245251,0.005716676245217119,0.07579806108386888,-0.000585476385029926,22475.592589006425,0.753427686864219,0,19.48793813523043,0.0862692670321574,24.55657894657803,0.0373109,0.11287028280191864,0.07948243992606274,0.0037894885599445327,0.00321324043817935,98422.02202646516,17.045933617981657,0.0549755417840061,0.0454158780820743,23.03900752798202,Moderate
Manhattan,2018,103894.6020296666,86628.50289613033,1628701.0,71.88616643280703,0.239556109738946,17.057978870091954,0.880646294859218,32.394510983889,0.0040015243902439,0.0076612903225806,0.0001905487804878,0.0374022,0.0491677344843284,2885,0.0458951782527055,0.0334901527163482,0.9682958876597187,0.8961487089366429,0.8338113935062188,0.00583140735641225,0.006993676749715411,-0.01877197536704256,0.03862852513279358,17266.099133536263,0.760443890261054,0,19.64822669516521,0.0826578872006766,17.71350296954444,0.037592748780487795,0.09284056693451348,-0.2942759295499021,0.005716676245217119,0.004503198801245251,105882.22046402504,16.568561258031487,0.0535426446793551,0.0463137917957669,24.55657894657803,Moderate
Manhattan,2019,112519.9776354956,94847.38096231,1628706.0,71.88638711839154,0.233327649071925,17.28049905381375,0.883712847540865,31.7170146390003,0.0058149779735682,0.0051043053706169,0.0003524229074889,0.036353,0.0423400262868574,4885,0.0465826443069974,0.0352597006228931,0.9682958876597187,0.8961487089366429,0.8429381426786686,0.0054596416720925495,0.006476918525412827,0.08302044030512845,0.09487498677005068,17672.596673185602,0.7666723509280751,0,19.386365577701604,0.0775997269097505,29.993135654930967,0.036705422907488905,0.08681269356785414,0.6932409012131715,0.006993676749715411,0.00583140735641225,103894.6020296666,17.057978870091954,0.0491677344843284,0.0458951782527055,17.71350296954444,Moderate
Manhattan,2021,96540.01811476448,78703.52516053549,1576876.0,69.59876034944352,0.249844422601091,16.597766397235763,0.842071634090684,31.680087310249,0.0052678771575879,0.0022848438690022,0.0003362474781439,0.036479,0.105907613356112,2962,0.0550978010895664,0.031783758350718,0.9682958876597187,0.8961487089366429,0.8152424942263281,0.00377636051329505,0.004632192924240103,-0.14201886506321237,-0.1702087673690187,17836.49295422899,0.750155577398909,0,16.63954390793194,0.13769137170683,18.783975404534026,0.036815247478143895,0.12262279932205716,-0.0253372820006581,,0.0024991536977971,,14.84104684110854,,0.0478776842898405,,Affordable
Manhattan,2022,103305.52875627537,83751.33723048549,1596273.0,70.45488800596068,0.243139216066799,20.695592123061736,0.853704975438336,31.2275341202965,0.0071052631578947,0.0030529172320217,0.0007894736842105,,0.0564997718164063,11984,0.0552718024453576,0.0305432031196552,0.9682958876597187,0.8961487089366429,0.8107149562931593,0.0050790901949582,0.006264951886642599,0.07007985676435458,0.06413705179855311,19554.19152578988,0.756860783933201,0,16.591506466172135,0.0870429749360615,75.07487754287644,0.0007894736842105,0.10442256683322987,3.0459149223497635,0.004632192924240103,0.00377636051329505,96540.01811476448,16.597766397235763,0.105907613356112,0.0550978010895664,18.783975404534026,Moderate
Manhattan,2023,104911.14013751638,84317.71791439698,1597451.0,70.50688152966937,0.254330387802175,19.6098789222131,0.888582585751979,30.7573333333333,0.0046221400508435,0.0265700483091787,0.0018488560203374,0.0360486,0.0699010533035429,2061,0.0552387827074934,0.0288162567475198,0.9682958876597187,0.8961487089366429,0.8037060487940006,0.0155960941800111,0.01940522185121511,0.015542356740935626,0.006762646456053734,20593.4222231194,0.745669612197825,0,16.600601058885694,0.09871731005106271,12.901804186795088,0.0378974560203374,0.11224125315332088,-0.828020694259012,0.006264951886642599,0.0050790901949582,103305.52875627537,20.695592123061736,0.0564997718164063,0.0552718024453576,75.07487754287644,Stressed
Queens,2005,59550.0,46160.0,2215339.0,,0.4577705702977255,13.078684839070776,0.5699201514944434,41.82567102089524,0.2469467061435973,0.3211772516043372,0.0048112509252405,,0.0778963899992959,23,,,0.5196484157765114,0.6294486695219041,0.7751469353484467,0.2840619788739672,0.36646210662791917,,,13390.0,0.5422294297022745,3,28.571428571428573,0.12451717349060785,0.10382158215966045,0.0048112509252405,0.12109978186033969,,,,,,,,,Stressed
Queens,2006,77517.71051200725,61453.872396918894,2255175.0,20.73184763288855,0.470391681288059,12.50295691605929,0.578851757329743,41.8480648272813,0.2789502569475627,0.3339599903591226,0.0037918475278151,,0.0749700022747913,9,,,0.5196484157765114,0.6294486695219041,0.7927720257862864,0.30645512365334265,0.38656147503362603,0.301724777699534,0.33132305885872815,16063.838115088358,0.5296083187119409,3,28.571428571428573,0.12159078576610324,0.03990821111443679,0.0037918475278151,0.11287919059540198,-0.6086956521739131,0.36646210662791917,0.2840619788739672,59550.0,13.078684839070776,0.0778963899992959,,0.10382158215966045,Stressed
Queens,2007,78303.63417202786,61590.2388208337,2270338.0,20.871241252300564,0.464093370020931,11.644670186698564,0.582326601872131,41.3403086833511,0.1222638157477317,0.2380884955752212,0.0057102975699511,,0.0662412578487927,0,,,0.5196484157765114,0.6294486695219041,0.7865565815952303,0.18017615566147643,0.229069541692802,0.010138633543606446,0.002219004573609906,16713.395351194158,0.535906629979069,3,28.571428571428573,0.11286204134010465,0.0,0.0057102975699511,0.11187387050142496,-1.0,0.38656147503362603,0.30645512365334265,77517.71051200725,12.50295691605929,0.0749700022747913,,0.03990821111443679,Stressed
Queens,2008,79425.34674402626,63908.5306893656,2293007.0,21.079637609119857,0.463482856936996,11.390710150813876,0.587506905664885,42.6937365619494,0.0522785740536567,0.1105129829005699,0.0633039323778022,,0.0703814335410751,27,,,0.5196484157765114,0.6294486695219041,0.8046364707142093,0.0813957784771133,0.10115845035568048,0.014325166179823379,0.03764057280693178,15516.81605466066,0.536517143063004,3,28.571428571428573,0.11700221703238704,0.11774931345608627,0.0633039323778022,0.10629798513074633,,0.229069541692802,0.18017615566147643,78303.63417202786,11.644670186698564,0.0662412578487927,,0.0,Stressed
Queens,2009,77785.70708328935,62149.5380977515,2306712.0,21.20562781910743,0.452707578494797,10.307028310518588,0.586823962766619,42.1990247488642,0.0264361405465699,0.032254321847082,0.1823759063022866,0.0285911,0.0985151575620974,0,0.0327112107083493,0.0424428957092803,0.5196484157765114,0.6294486695219041,0.7989840348330913,0.02934523119682595,0.036728182188216316,-0.020643783476591904,-0.02752359618724265,15636.16898553785,0.5472924215052031,3,26.517313584381927,0.1409580532713777,0.0,0.2109670063022866,0.1283010282334585,-1.0,0.10115845035568048,0.0813957784771133,79425.34674402626,11.390710150813876,0.0703814335410751,,0.11774931345608627,Affordable
Queens,2010,73614.67170685533,57660.70979473894,2233841.0,20.53572394519245,0.438424149200085,10.309140342727712,0.577953972996445,41.0587830990791,0.0107114669072048,0.0218308834230825,0.262149058518435,0.0279205,0.110991563864513,2502,0.0318222886731273,0.0451230575010481,0.5196484157765114,0.6294486695219041,0.78327741546349,0.016271175165143648,0.02077319586128432,-0.0536221310165359,-0.0722262536521564,15953.961912116385,0.561575850799915,3,27.157464569273078,0.1561146213655611,11.200439064373874,0.290069558518435,0.14011027086061884,,0.036728182188216316,0.02934523119682595,77785.70708328935,10.307028310518588,0.0985151575620974,0.0327112107083493,0.0,Affordable
Queens,2011,72276.72009300899,55978.97539944615,2247848.0,20.66449044437494,0.429503481188507,10.602310286248992,0.611458987155168,42.0390736362126,0.0126114649681528,0.0408639813193228,0.2625477707006369,0.0256468,0.0995926513763343,3114,0.0332949876000336,0.0464238017335871,0.5196484157765114,0.6294486695219041,0.774509071903233,0.026737723143737797,0.034522156180861886,-0.018175067317752425,-0.029166036999534795,16297.74469356284,0.570496518811493,3,26.113078046776096,0.1460164531099214,13.8532498638698,0.2881945707006369,0.13931819213595792,0.24460431654676262,0.02077319586128432,0.016271175165143648,73614.67170685533,10.309140342727712,0.110991563864513,0.0318222886731273,11.200439064373874,Affordable
Queens,2012,72392.89680032305,56572.12537412704,2272771.0,20.893607847039693,0.43573580538964,10.952150827680777,0.598048840882645,41.5980894658494,0.0077851304009342,0.0363086232980332,0.234072920721422,0.0243882,0.0960334463291872,1438,0.0327398923859828,0.0472805502951988,0.5196484157765114,0.6294486695219041,0.7814596165445141,0.0220468768494837,0.02821243271273743,0.0016073876507478602,0.01059594196657554,15820.771426196014,0.5642641946103599,3,26.49716087615067,0.143313996624386,6.3270782670141426,0.258461120721422,0.13528564197290902,-0.5382145150931278,0.034522156180861886,0.026737723143737797,72276.72009300899,10.602310286248992,0.0995926513763343,0.0332949876000336,13.8532498638698,Affordable
Queens,2013,73650.56356075738,57501.80662531683,2296175.0,21.10876106663468,0.438940481457915,10.772768305160907,0.603383563193921,42.2869642100256,0.0243458475540386,0.0216864224137931,0.1718998862343572,0.0234933,0.0890204343321995,3714,0.031094926992967,0.0471421333824613,0.5196484157765114,0.6294486695219041,0.780738175586141,0.023016134983915852,0.02947996614439461,0.017372792304516604,0.01643355707500027,16148.75693544055,0.561059518542085,3,27.704724273160252,0.1361625677146608,16.174725358476596,0.1953931862343572,0.13274133017491568,1.5827538247566064,0.02821243271273743,0.0220468768494837,72392.89680032305,10.952150827680777,0.0960334463291872,0.0327398923859828,6.3270782670141426,Affordable
Queens,2014,73513.65088191215,58011.06916958075,2321580.0,21.342309500398596,0.43069015311997,10.285490408166636,0.597960960401941,42.7809414481243,0.085533519892931,0.037816407441293,0.1580484243825282,0.024541,0.0768083415235846,4669,0.0312567011015782,0.0473081522185609,0.5196484157765114,0.6294486695219041,0.7891196869376844,0.061674963667112,0.07815666582397959,-0.0018589495073215723,0.00885646163401943,15502.581712331405,0.56930984688003,3,27.58110830873335,0.12411649374214549,20.111303508817272,0.1825894243825282,0.12453709227807226,0.25713516424340344,0.02947996614439461,0.023016134983915852,73650.56356075738,10.772768305160907,0.0890204343321995,0.031094926992967,16.174725358476596,Stressed
Queens,2015,77501.27111046294,61119.055450226064,2339150.0,21.50383069627468,0.432214437652307,9.683978864990555,0.597168239612187,43.6955921766247,0.0488146677566273,0.0285128205128205,0.1894195959360037,0.0249164,0.0682691893587336,12838,0.0300752211121617,0.0468252579627025,0.5196484157765114,0.6294486695219041,0.788620039058621,0.0386637441347239,0.049027088103007085,0.054243262043348395,0.05357574554538713,16382.215660236878,0.5677855623476931,3,28.510155268936224,0.11509444732143612,54.883184062586835,0.2143359959360037,0.12122471171258556,1.7496251874062967,0.07815666582397959,0.061674963667112,73513.65088191215,10.285490408166636,0.0768083415235846,0.0312567011015782,20.111303508817272,Moderate
Queens,2016,78940.40310215861,61654.14639378809,2333054.0,21.447790103784033,0.44102864328666,9.37295991425337,0.600491847119358,44.2846574393255,0.053274139844617,0.0179032853451458,0.179023307436182,0.0248617,0.0601127622854176,2295,0.0274072692223984,0.0465336654937537,0.5196484157765114,0.6294486695219041,0.7810214284566045,0.0355887125948814,0.045566883696403986,0.018569140493766456,0.008754895500598714,17286.25670837052,0.55897135671334,3,30.857274432393286,0.1066464277791713,9.836891902202007,0.203885007436182,0.12094326663027599,-0.8212338370462688,0.049027088103007085,0.0386637441347239,77501.27111046294,9.683978864990555,0.0682691893587336,0.0300752211121617,54.883184062586835,Moderate
Queens,2017,80290.06547370774,65303.43293609415,2358582.0,21.682469277849187,0.442725327523406,8.670601480307413,0.594818468616378,44.3817519823956,0.0723153996950555,0.0250223413762287,0.152798954476149,0.0244307,0.051791246198159,5609,0.027696914434951,0.047193207105031,0.5196484157765114,0.6294486695219041,0.813343874498132,0.0486688705356421,0.059837999721425186,0.017097231816798564,0.059189636962904135,14986.632537613594,0.557274672476594,3,30.583925648074647,0.09898445330319,23.781238048963317,0.177229654476149,0.10481759010101703,1.4440087145969498,0.045566883696403986,0.0355887125948814,78940.40310215861,9.37295991425337,0.0601127622854176,0.0274072692223984,9.836891902202007,Moderate
Queens,2018,84663.36506590752,68638.14849017508,2278906.0,20.95000696694293,0.452944385935973,8.45730584407732,0.589587341715513,45.2183822542396,0.0794701986754967,0.0381937911571025,0.14015850613397,0.0241747,0.0519132769700144,3880,0.0276037535155405,0.0495069467780623,0.5196484157765114,0.6294486695219041,0.8107184073860357,0.058831994916299604,0.07256773052185785,0.054468751101366175,0.05106493493755959,16025.21657573244,0.547055614064027,3,30.671315176130026,0.1014202237480767,17.025713215025103,0.16433320613396998,0.10637933718920395,-0.30825459083615614,0.059837999721425186,0.0486688705356421,80290.06547370774,8.670601480307413,0.051791246198159,0.027696914434951,23.781238048963317,Moderate
Queens,2019,88544.40712673099,72462.57243568542,2253858.0,20.719740437955775,0.441385657037392,8.474262400932433,0.588514904404557,44.170406667246,0.0866541560878684,0.0425471159337521,0.138205099900651,0.0236395,0.0462057860239059,6734,0.0284004291118514,0.0510994886099489,0.5196484157765114,0.6294486695219041,0.8183754884932696,0.06460063601081026,0.07893764771687874,0.045840867036199384,0.05571863503948937,16081.834691045573,0.558614342962608,3,29.93973510493529,0.0973052746338548,29.87765866350054,0.161844599900651,0.10135201673424431,0.7355670103092784,0.07256773052185785,0.058831994916299604,84663.36506590752,8.45730584407732,0.0519132769700144,0.0276037535155405,17.025713215025103,Stressed
Queens,2021,83765.20171876444,69359.9469283586,2331143.0,21.43022226056723,0.45647299941756,9.103040642206214,0.508672496956914,41.0140113496955,0.066994914843813,0.0117218341937443,0.111227701993704,0.0215816,0.11787883970402,5252,0.0297985998354301,0.0554953353258922,0.5196484157765114,0.6294486695219041,0.8280281728590538,0.03935837451877865,0.04753265143489048,-0.053975237545226484,-0.042816938497188706,14405.254790405845,0.54352700058244,3,28.736788397499048,0.1733741750299122,22.529720398963082,0.132809301993704,0.12703933380316493,0.08154859967051076,,0.0274403040999465,,8.416504268023136,,0.0285150742869537,,Moderate
Queens,2022,86808.49811214898,72641.2460461532,2278029.0,20.94194469666499,0.446097114614105,10.923565755366418,0.544400227635528,43.9786139708224,0.0471884713195818,0.0228073812979473,0.0926815484600169,,0.053063575130831,13795,0.0306265616406916,0.058401774366832,0.5196484157765114,0.6294486695219041,0.8367987884355178,0.034997926308764554,0.04182358625804993,0.03633127278320414,0.047308270307413025,14167.25206599578,0.5539028853858949,3,28.06894502156587,0.111465349497663,60.55673566930008,0.0926815484600169,0.09818626955149168,1.6266184310738767,0.04753265143489048,0.03935837451877865,83765.20171876444,9.103040642206214,0.11787883970402,0.0297985998354301,22.529720398963082,Affordable
Queens,2023,85035.9603506854,70375.30368511606,2252196.0,20.70446165437319,0.445853178622067,11.36396182127225,0.566617725979404,43.4272015715023,0.0359419503594195,0.0613370089593383,0.1052488810524888,0.0226278,0.0501073066986133,3733,0.031080845860911,0.059565956551839,0.5196484157765114,0.6294486695219041,0.8275946246139951,0.0486394796593789,0.058772106793305016,-0.020418942845591204,-0.031193605346437225,14660.656665569346,0.554146821377933,3,27.715536488665652,0.1096732632504523,16.574933975550973,0.12787668105248878,0.10091826414421508,-0.7293947082276186,0.04182358625804993,0.034997926308764554,86808.49811214898,10.923565755366418,0.053063575130831,0.0306265616406916,60.55673566930008,Moderate
